lat,lng
1,1
1,1
1,1
1,1
1,1
1,1
1,1
1,1
1,1
1,1
1,1
1,1
1,1
1,1
1,1
1,1
1,1
1,1
1,1
1,1
1,1
1,1
1,1
1,1
1,1
1,1
1,1
1,1
1,1
1,1
1,1
1,1
1,1
1,1
1,1
1,1
1,1
1,1
1,1
1,1
1,1
1,1
1,1
1,1
1,1
1,1
1,1
1,1
1,1
1,1
1,1
1,1
1,1
1,1
1,1
1,1
1,1
1,1
1,1
1,1
1,1
1,1
1,1
1,1
1,1
1,1
1,1
1,1
1,1
1,1
1,1
1,1
1,1
1,1
1,1
1,1
1,1
1,1
1,1
1,1
1,1
1,1
1,1
1,1
1,1
1,1
1,1
1,1
1,1
1,1
1,1
1,1
1,1
1,1
1,1
1,1
1,1
1,1
1,1
1,1
1,1
1,1
1,1
1,1
1,1
1,1
1,1
1,1
1,1
1,1
1,1
1,1
1,1
1,1
1,1
1,1
1,1
1,1
1,1
1,1
1,1
1,1
1,1
1,1
1,1
1,1
1,1
1,1
1,1
1,1
1,1
1,1
1,1
1,1
1,1
1,1
1,1
1,1
1,1
1,1
1,1
1,1
1,1
1,1
1,1
1,1
1,1
1,1
1,1
1,1
1,1
1,1
1,1
1,1
1,1
1,1
1,1
1,1
1,1
1,1
1,1
1,1
1,1
1,1
1,1
1,1
1,1
1,1
1,1
1,1
1,1
1,1
1,1
1,1
1,1
1,1
1,1
1,1
1,1
1,1
1,1
1,1
1,1
1,1
1,1
1,1
1,1
1,1
1,1
1,1
1,1
1,1
1,1
1,1
1,1
1,1
1,1
1,1
1,1
1,1
1,1
1,1
1,1
1,1
1,1
1,1
1,1
1,1
1,1
1,1
1,1
1,1
1,1
1,1
1,1
1,1
1,1
1,1
1,1
1,1
1,1
1,1
1,1
1,1
1,1
1,1
1,1
1,1
1,1
1,1
1,1
1,1
1,1
1,1
1,1
1,1
1,1
1,1
1,1
1,1
1,1
1,1
1,1
1,1
1,1
1,1
1,1
1,1
1,1
1,1
1,1
1,1
1,1
1,1
1,1
1,1
1,1
1,1
1,1
1,1
1,1
1,1
1,1
1,1
1,1
1,1
1,1
1,1
1,1
1,1
1,1
1,1
1,1
1,1
1,1
1,1
1,1
1,1
1,1
1,1
1,1
1,1
1,1
1,1
1,1
1,1
1,1
1,1
1,1
1,1
1,1
1,1
1,1
1,1
1,1
1,1
1,1
1,1
1,1
1,1
1,1
1,1
1,1
1,1
1,1
1,1
1,1
1,1
1,1
1,1
1,1
1,1
1,1
1,1
1,1
1,1
1,1
1,1
1,1
1,1
1,1
1,1
1,1
1,1
1,1
1,1
1,1
1,1
1,1
1,1
1,1
1,1
1,1
1,1
1,1
1,1
1,1
1,1
1,1
1,1
1,1
1,1
1,1
1,1
1,1
1,1
1,1
1,1
1,1
1,1
1,1
1,1
1,1
1,1
1,1
1,1
1,1
1,1
1,1
1,1
1,1
1,1
1,1
1,1
1,1
1,1
1,1
1,1
1,1
1,1
1,1
1,1
1,1
1,1
1,1
1,1
1,1
1,1
1,1
1,1
1,1
1,1
1,1
1,1
1,1
1,1
1,1
1,1
1,1
1,1
1,1
1,1
1,1
1,1
1,1
1,1
1,1
1,1
1,1
1,1
1,1
1,1
1,1
1,1
1,1
1,1
1,1
1,1
1,1
1,1
1,1
1,1
1,1
1,1
1,1
1,1
1,1
1,1
1,1
1,1
1,1
1,1
1,1
1,1
1,1
1,1
1,1
1,1
1,1
1,1
1,1
1,1
1,1
1,1
1,1
1,1
1,1
1,1
1,1
1,1
1,1
1,1
1,1
1,1
1,1
1,1
1,1
1,1
1,1
1,1
1,1
1,1
1,1
1,1
1,1
1,1
1,1
1,1
1,1
1,1
1,1
1,1
1,1
1,1
1,1
1,1
1,1
1,1
1,1
1,1
1,1
1,1
1,1
1,1
1,1
1,1
1,1
1,1
1,1
1,1
1,1
1,1
1,1
1,1
1,1
1,1
1,1
1,1
1,1
1,1
1,1
1,1
1,1
1,1
1,1
1,1
1,1
1,1
1,1
1,1
1,1
1,1
1,1
1,1
1,1
1,1
1,1
1,1
1,1
1,1
1,1
1,1
1,1
1,1
1,1
1,1
1,1
1,1
1,1
1,1
1,1
1,1
1,1
1,1
1,1
1,1
1,1
1,1
1,1
1,1
1,1
1,1
1,1
1,1
1,1
1,1
1,1
1,1
1,1
1,1
1,1
1,1
1,1
1,1
1,1
1,1
1,1
1,1
1,1
1,1
1,1
1,1
1,1
1,1
1,1
1,1
1,1
1,1
1,1
1,1
1,1
1,1
1,1
1,1
1,1
1,1
1,1
1,1
1,1
1,1
1,1
1,1
1,1
1,1
1,1
1,1
1,1
1,1
1,1
1,1
1,1
1,1
1,1
1,1
1,1
1,1
1,1
1,1
1,1
1,1
1,1
1,1
1,1
1,1
1,1
1,1
1,1
1,1
1,1
1,1
1,1
1,1
1,1
1,1
1,1
1,1
1,1
1,1
1,1
1,1
1,1
1,1
1,1
1,1
1,1
1,1
1,1
1,1
1,1
1,1
1,1
1,1
1,1
1,1
1,1
1,1
1,1
1,1
1,1
1,1
1,1
1,1
1,1
1,1
1,1
1,1
1,1
1,1
1,1
1,1
1,1
1,1
1,1
1,1
1,1
1,1
1,1
1,1
1,1
1,1
1,1
1,1
1,1
1,1
1,1
1,1
1,1
1,1
1,1
1,1
1,1
1,1
1,1
1,1
1,1
1,1
1,1
1,1
1,1
1,1
1,1
1,1
1,1
1,1
1,1
1,1
1,1
1,1
1,1
1,1
1,1
1,1
1,1
1,1
1,1
1,1
1,1
1,1
1,1
1,1
1,1
1,1
1,1
1,1
1,1
1,1
1,1
1,1
1,1
1,1
1,1
1,1
1,1
1,1
1,1
1,1
1,1
1,1
1,1
1,1
1,1
1,1
1,1
1,1
1,1
1,1
1,1
1,1
1,1
1,1
1,1
1,1
1,1
1,1
1,1
1,1
1,1
1,1
1,1
1,1
1,1
1,1
1,1
1,1
1,1
1,1
1,1
1,1
1,1
1,1
1,1
1,1
1,1
1,1
1,1
1,1
1,1
1,1
1,1
1,1
1,1
1,1
1,1
1,1
1,1
1,1
1,1
1,1
1,1
1,1
1,1
1,1
1,1
1,1
1,1
1,1
1,1
1,1
1,1
1,1
1,1
1,1
1,1
1,1
1,1
1,1
1,1
1,1
1,1
1,1
1,1
1,1
1,1
1,1
1,1
1,1
1,1
1,1
1,1
1,1
1,1
1,1
1,1
1,1
1,1
1,1
1,1
1,1
1,1
1,1
1,1
1,1
1,1
1,1
1,1
1,1
1,1
1,1
1,1
1,1
1,1
1,1
1,1
1,1
1,1
1,1
1,1
1,1
1,1
1,1
1,1
1,1
1,1
1,1
1,1
1,1
1,1
1,1
1,1
1,1
1,1
1,1
1,1
1,1
1,1
1,1
1,1
1,1
1,1
1,1
1,1
1,1
1,1
1,1
1,1
1,1
1,1
1,1
1,1
1,1
1,1
1,1
1,1
1,1
1,1
1,1
1,1
1,1
1,1
1,1
1,1
1,1
1,1
1,1
1,1
1,1
1,1
1,1
1,1
1,1
1,1
1,1
1,1
1,1
1,1
1,1
1,1
1,1
1,1
1,1
1,1
1,1
1,1
1,1
1,1
1,1
1,1
1,1
1,1
1,1
1,1
1,1
1,1
1,1
1,1
1,1
1,1
1,1
1,1
1,1
1,1
1,1
1,1
1,1
1,1
1,1
1,1
1,1
1,1
1,1
1,1
1,1
1,1
1,1
1,1
1,1
1,1
1,1
1,1
1,1
1,1
1,1
1,1
1,1
1,1
1,1
1,1
1,1
1,1
1,1
1,1
1,1
1,1
1,1
1,1
1,1
1,1
1,1
1,1
1,1
1,1
1,1
1,1
1,1
1,1
1,1
1,1
1,1
1,1
1,1
1,1
1,1
1,1
1,1
1,1
1,1
1,1
1,1
1,1
1,1
1,1
1,1
1,1
1,1
1,1
1,1
1,1
1,1
1,1
1,1
1,1
1,1
1,1
1,1
1,1
1,1
1,1
1,1
1,1
1,1
1,1
1,1
1,1
1,1
1,1
1,1
1,1
1,1
1,1
1,1
1,1
1,1
1,1
1,1
1,1
1,1
1,1
1,1
1,1
1,1
1,1
1,1
1,1
1,1
1,1
1,1
1,1
1,1
1,1
1,1
1,1
1,1
1,1
1,1
1,1
1,1
1,1
1,1
1,1
1,1
1,1
1,1
1,1
1,1
1,1
1,1
1,1
1,1
1,1
1,1
1,1
1,1
1,1
1,1
1,1
1,1
1,1
1,1
1,1
1,1
1,1
1,1
1,1
1,1
1,1
1,1
1,1
1,1
1,1
1,1
1,1
1,1
1,1
1,1
1,1
1,1
1,1
1,1
1,1
1,1
1,1
1,1
1,1
1,1
1,1
1,1
1,1
1,1
1,1
1,1
1,1
1,1
1,1
1,1
1,1
1,1
1,1
1,1
1,1
1,1
1,1
1,1
1,1
1,1
1,1
1,1
1,1
1,1
1,1
1,1
1,1
1,1
1,1
1,1
1,1
1,1
1,1
1,1
1,1
1,1
1,1
1,1
1,1
1,1
1,1
1,1
1,1
1,1
1,1
1,1
1,1
1,1
1,1
1,1
1,1
1,1
1,1
1,1
1,1
1,1
1,1
1,1
1,1
1,1
1,1
1,1
1,1
1,1
1,1
1,1
1,1
1,1
1,1
1,1
1,1
1,1
1,1
1,1
1,1
1,1
1,1
1,1
1,1
1,1
1,1
1,1
1,1
1,1
1,1
1,1
1,1
1,1
1,1
1,1
1,1
1,1
1,1
1,1
1,1
1,1
1,1
1,1
1,1
1,1
1,1
1,1
1,1
1,1
1,1
1,1
1,1
1,1
1,1
1,1
1,1
1,1
1,1
1,1
1,1
1,1
1,1
1,1
1,1
1,1
1,1
1,1
1,1
1,1
1,1
1,1
1,1
1,1
1,1
1,1
1,1
1,1
1,1
1,1
1,1
1,1
1,1
1,1
1,1
1,1
1,1
1,1
1,1
1,1
1,1
1,1
1,1
1,1
1,1
1,1
1,1
1,1
1,1
1,1
1,1
1,1
1,1
1,1
1,1
1,1
1,1
1,1
1,1
1,1
1,1
1,1
1,1
1,1
1,1
1,1
1,1
1,1
1,1
1,1
1,1
1,1
1,1
1,1
1,1
1,1
1,1
1,1
1,1
1,1
1,1
,
-70.7310359,41.9994211
-70.6716145,42.0389839
-70.6649573,41.9546239
-70.6639234,41.9553428
-70.9187443,41.8933645
-70.7300156,41.9149282
-70.6629078,41.958886
-70.9107708,41.8929942
-70.7682613,41.8878431
-70.7036458,42.0911779
-70.849842,42.0966271
-70.8776565,41.8952429
-70.908401,41.8926299
-70.6574952,41.9290164
-70.8068893,42.1062587
-70.755304,42.1069755
-70.7398639,42.1023124
-70.9366103,42.0803428
-70.6673344,41.9585333
-70.7079366,42.0111887
-70.7157784,41.954077
-70.68278,42.0248734
-70.6658532,41.9572755
-70.9377292,42.0801888
-70.9723442,41.9977215
-70.6831116,42.0232507
-70.734603,42.1039079
-70.971326,41.9988489
-70.6872206,42.0489991
-70.6844373,41.9742496
-70.8698039,42.0659852
-70.8033291,42.1032253
-70.867237,41.8605546
-70.7015862,42.0931196
-70.9404994,42.0161711
-70.7941349,42.094813
-70.8698039,42.0659852
-70.8078751,42.106859
-70.9742564,41.9935397
-70.9374103,42.0797562
-70.9172646,41.8854919
-70.8010913,42.1041341
-70.6671874,41.9582471
-70.6659339,41.957507
-70.6666535,41.9604633
-70.7157706,41.9540745
-70.975701,41.9913349
-70.7477808,42.1062766
-70.9267174,41.9932077
-70.9756573,41.9891781
-70.6872206,42.0489991
-70.6671874,41.9582471
-70.6620425,41.9342343
-70.6847474,41.9738121
-70.9429407,41.894564
-70.6580402,41.931539
-70.656791,41.9386403
-70.6864693,42.0489722
-70.7045003,41.9585662
-70.9470852,42.0756281
-71.1953221,42.3313183
-71.1917214,42.3307256
-71.1922025,42.3307251
-71.1935713,42.3298078
-71.2016952,42.3551924
-71.2265432,42.3495821
-71.1870077,42.3569763
-71.1927532,42.3297107
-71.2056581,42.3205552
-71.2094443,42.3307907
-71.2057913,42.3214871
-71.1934996,42.3300793
-71.2069643,42.3518567
-71.191085,42.3301011
-71.2098304,42.3157937
-71.1947576,42.3303452
-71.2067397,42.3498158
-71.1865892,42.3571451
-71.2030122,42.3527591
-71.2297875,42.3484517
-71.1919133,42.3300075
-71.2070853,42.3495964
-71.1910991,42.3303032
-71.2292368,42.34868
-71.2010089,42.3602516
-71.2137098,42.3096274
-71.2066276,42.3492716
-71.1932109,42.3310353
-71.1919384,42.3307077
-71.1870862,42.3562751
-71.1933813,42.3294921
-71.1924496,42.3294928
-71.1920563,42.3301182
-71.2056581,42.3205552
-71.201701,42.3602706
-71.2471536,42.346844
-71.1760576,42.3214068
-71.2266135,42.3491431
-71.1846813,42.3192421
-71.2000257,42.3580175
-71.1947695,42.3318627
-71.2040387,42.3524318
-71.2201168,42.309058
-71.1961847,42.3647149
-71.207196,42.3314546
-71.202012,42.3601013
-71.1916386,42.3307744
-71.2075774,42.3515854
-71.2108099,42.3154082
-71.2113796,42.3133598
-71.2544314,42.3339774
-71.1989482,42.3609521
-71.1760576,42.3214068
-71.2307411,42.326929
-71.1889577,42.336505
-71.183698,42.3209386
-71.2021357,42.3598527
-71.2391043,42.3575272
-71.1846813,42.3192421
-71.2143877,42.3078251
-71.2007557,42.3607232
-71.2137098,42.3096274
-71.2126853,42.3179459
-71.1991409,42.3612033
-71.2250448,42.349595
-71.2204827,42.3094292
-71.2152971,42.3096216
-71.1867386,42.3568887
-71.2095668,42.3307687
-71.2092971,42.3306636
-71.2084069,42.3215694
-71.201069,42.3535838
-71.2019022,42.3601845
-71.1952436,42.3302702
-71.2066844,42.3500186
-71.2079821,42.3215952
-71.2032938,42.2951038
-71.2285196,42.3490926
-71.20588,42.3211415
-71.2206275,42.3704831
-71.2293593,42.3486853
-71.2182874,42.3653434
-71.1664907,42.3403061
-71.1760744,42.3184987
-71.1827232,42.3663066
-71.1540528,42.3493184
-71.1831969,42.3648526
-71.1632191,42.323138
-71.1642801,42.3499568
-71.1768641,42.3211783
-71.2066843,42.3493684
-71.2067115,42.3218989
-71.229804,42.3493773
-71.1542417,42.3414717
-71.152858,42.3488598
-71.1938431,42.3312452
-71.1939038,42.3327097
-71.2377045,42.3682196
-71.1851321,42.3580848
-71.1683908,42.351266
-71.1836124,42.3658218
-71.2211671,42.3091897
-71.1647989,42.3502377
-71.2071803,42.3215633
-71.1496651,42.3494822
-71.1931415,42.3295571
-71.2039386,42.3653411
-71.1683814,42.3504703
-71.2382119,42.3663136
-71.1939149,42.3640382
-71.1657145,42.3658158
-71.2296287,42.3486043
-71.2094443,42.3307907
-71.2211073,42.3096685
-71.1760744,42.3184987
-71.1628348,42.3491983
-71.1497264,42.3478894
-71.1760576,42.3214068
-71.2366333,42.3764267
-71.2371878,42.3682359
-71.1921743,42.3301477
-71.237404,42.3743567
-71.2371853,42.3679551
-71.1761493,42.3197444
-71.2382353,42.3662494
-71.1786314,42.3715093
-71.2304893,42.3693673
-71.1567986,42.3493447
-71.1388157,42.3388267
-71.2002341,42.3606411
-71.2373565,42.3700176
-71.218496,42.3656549
-71.1515384,42.340599
-71.1684039,42.3512109
-71.1647171,42.362713
-71.2390935,42.3602763
-71.1696836,42.3226262
-71.2066882,42.3501575
-71.2059221,42.3214449
-71.1922796,42.3298462
-71.1628785,42.3491989
-71.181353,42.3804093
-71.2373606,42.3715558
-71.1583128,42.3707259
-71.2368393,42.3717138
-71.1602398,42.3526949
-71.1606035,42.3685741
-71.1691349,42.3226321
-71.1751815,42.318874
-71.1861172,42.3633024
-71.2068597,42.321783
-71.1728813,42.3633596
-71.2294277,42.3488904
-71.1659503,42.3638995
-71.2597969,42.3254277
-71.2371616,42.3680164
-71.1684901,42.35125
-71.2367001,42.3704047
-71.2307786,42.3768499
-71.2371878,42.3682359
-71.2371877,42.3684679
-71.1633228,42.3231706
-71.1778529,42.3191434
-71.1871316,42.3669095
-71.1934864,42.3703019
-71.170519,42.3225323
-71.2536212,42.3300084
-71.2468237,42.3471918
-71.1687194,42.3227864
-71.2364217,42.3715461
-71.24494,42.3153566
-71.2380347,42.374887
-71.2284504,42.3490999
-71.1637754,42.3633294
-71.1492179,42.3366194
-71.1541534,42.3415176
-71.1426453,42.3433526
-71.2286824,42.3103234
-71.1855457,42.3662632
-71.1839298,42.3657274
-71.1951545,42.3709437
-71.1822548,42.3662118
-71.2313956,42.2990265
-71.1523252,42.348871
-71.1366491,42.339308
-71.1366978,42.3386491
-71.192758,42.3295916
-71.187437,42.366961
-71.2318008,42.3652836
-71.1527995,42.3492215
-71.2514518,42.376542
-71.2595993,42.3253415
-71.1760576,42.3214068
-71.1427851,42.343229
-71.2069643,42.3518567
-71.1858129,42.3611394
-71.2062056,42.3520682
-71.1665265,42.3234753
-71.1430607,42.3441952
-71.1348148,42.3494775
-71.1485205,42.3577819
-71.1370326,42.3539178
-71.1951208,42.371158
-71.189206,42.325622
-71.1854294,42.3662425
-71.1580019,42.3709572
-71.2098304,42.3157937
-71.1522868,42.303559
-71.1369036,42.3538
-71.2098503,42.374652
-71.1515184,42.3368803
-71.1388944,42.338609
-71.1390747,42.3484854
-71.135209,42.339122
-71.2210318,42.3037697
-71.246781,42.3740974
-71.1950619,42.389472
-71.2363447,42.3715303
-71.228304,42.311065
-71.2368867,42.3696011
-71.1399057,42.3483424
-71.2249477,42.34946
-71.1376373,42.3628607
-71.1375438,42.338656
-71.137177,42.3538798
-71.2465879,42.3711827
-71.2213238,42.3037937
-71.2255243,42.3495719
-71.1626756,42.3463503
-71.1321379,42.3521356
-71.181934,42.3927855
-71.1376103,42.3537661
-71.1355603,42.3536317
-71.2372225,42.3715117
-71.1541703,42.3489911
-71.155924,42.3652878
-71.1603257,42.3701255
-71.1498703,42.3361856
-71.178624,42.3678293
-71.1666519,42.3648131
-71.2350629,42.2802462
-71.1363034,42.3392619
-71.1432874,42.3442008
-71.2378099,42.367866
-71.1936137,42.370125
-71.1427561,42.3432107
-71.1745354,42.3814622
-71.182843,42.3662409
-71.2590192,42.3247204
-71.2371594,42.3682906
-71.1370958,42.3537154
-71.1825356,42.3659296
-71.2074187,42.3088199
-71.0986037,42.386813
-71.1890831,42.3365553
-71.1752262,42.381051
-71.1952436,42.3302702
-71.1314754,42.3508946
-71.2467432,42.3740569
-71.1409442,42.362262
-71.1594438,42.3701885
-71.2214257,42.312908
-70.947593,42.4632664
-70.9492529,42.4642109
-70.9269321,42.4756747
-70.9451801,42.463946
-70.9707814,42.458063
-70.9502142,42.4636609
-70.9586907,42.4680397
-70.9443191,42.4655388
-70.9366763,42.4576131
-70.9469554,42.4638483
-70.9469554,42.4638483
-70.9426346,42.4656001
-70.9702034,42.4588968
-70.9603913,42.4873009
-70.950426,42.4640429
-70.9753941,42.4636205
-70.9397926,42.4630196
-70.9443946,42.4632195
-70.9501406,42.4643888
-70.9600432,42.4852117
-70.9454241,42.4637239
-70.962602,42.4533357
-70.9419518,42.4665646
-70.9518403,42.4578885
-70.959783,42.485049
-70.9605774,42.4568083
-70.9563013,42.4792175
-70.9378258,42.4703933
-70.9404119,42.4583013
-70.9417357,42.4627826
-70.971696,42.456596
-70.9536055,42.4568454
-70.9718161,42.4909935
-70.9388034,42.4683154
-70.9597298,42.4697247
-70.9503184,42.4778802
-70.9483455,42.4642123
-70.9259489,42.4670284
-70.9535743,42.4564434
-70.9253784,42.466833
-70.9568528,42.4697497
-70.949053,42.477487
-70.94053,42.4850814
-70.9482996,42.4649984
-70.9532519,42.4790278
-70.9652337,42.4881424
-70.9339461,42.4648915
-70.9503602,42.4643812
-70.9402662,42.4630754
-70.9709234,42.4582404
-70.9422848,42.4665237
-70.9254234,42.4720875
-70.9496055,42.4640767
-70.9595682,42.4877412
-70.961117,42.485239
-70.9603592,42.4854317
-70.9635178,42.486244
-70.950211,42.460958
-70.9454809,42.4811234
-70.9755825,42.4638792
-70.9654914,42.4622122
-70.9540417,42.4612775
-70.9598357,42.4584777
-70.9472605,42.4759581
-70.9600492,42.4697655
-70.9563013,42.4792175
-70.9416932,42.4668006
-70.953707,42.461296
-70.9639466,42.4499492
-70.934013,42.4718163
-70.9501406,42.4643888
-70.9890751,42.4599841
-70.9644062,42.4873082
-70.9426577,42.4658756
-70.9361753,42.4809716
-70.9892763,42.4737237
-70.9755247,42.4635859
-70.9637009,42.4624904
-70.9329444,42.4654064
-70.9703295,42.4584903
-70.942949,42.465792
-70.9602369,42.4602905
-70.9598357,42.4584777
-70.9426288,42.465853
-70.9285924,42.4745049
-70.9501968,42.4642404
-70.9493447,42.463535
-70.9680319,42.4664137
-70.9449922,42.4771825
-70.9493095,42.4633441
-70.942541,42.479794
-70.972551,42.4568216
-70.9470876,42.4625335
-70.9341542,42.464647
-70.9793994,42.459995
-70.9476797,42.4625777
-70.9775855,42.4525521
-70.958435,42.4733433
-70.9500372,42.466039
-70.946796,42.46441
-70.9692561,42.4594145
-70.9638898,42.4631161
-70.9139655,42.4673046
-70.9498813,42.4659981
-70.9457584,42.4637087
-70.9497546,42.4612184
-70.9397576,42.4677154
-70.9290302,42.4745664
-70.9830145,42.4247278
-70.9165107,42.4681415
-70.9225562,42.4731204
-70.9896286,42.4603153
-70.9501406,42.4643888
-71.010837,42.4467145
-70.9464459,42.4696615
-70.9567798,42.4570523
-70.962602,42.4533357
-70.9589345,42.4690138
-70.942541,42.479794
-70.9426288,42.465853
-70.9498486,42.4611137
-70.9610396,42.4711424
-70.9633271,42.4598338
-70.9596259,42.4553591
-71.0156346,42.4933375
-70.9598357,42.4584777
-70.986719,42.4195433
-70.9376052,42.4743794
-70.9550006,42.5168028
-70.9892763,42.4737237
-70.9793994,42.459995
-71.0066289,42.465659
-70.9170708,42.4672577
-70.9498381,42.4623207
-70.9662158,42.4619766
-70.9598357,42.4584777
-70.9013747,42.5066555
-70.9567798,42.4570523
-70.9452981,42.4654074
-71.0104544,42.4488947
-71.009566,42.424006
-70.988459,42.460469
-70.8991209,42.5023282
-70.942425,42.463212
-70.9549801,42.465952
-70.9573086,42.496705
-70.9631084,42.4648585
-71.0359013,42.4725417
-70.9567798,42.4570523
-70.9305572,42.530019
-71.0060327,42.4197733
-70.9273266,42.525389
-71.0241728,42.4544974
-70.9467046,42.4637932
-71.023622,42.4540951
-71.0178197,42.4862363
-70.9140324,42.4673212
-70.9806246,42.4276393
-71.0095479,42.4641098
-70.9516597,42.5055666
-70.9793994,42.459995
-70.8961752,42.5224233
-70.9316434,42.5214379
-71.0089663,42.44848
-70.9579651,42.5171932
-71.0044949,42.4656322
-70.9338494,42.4960218
-71.0153046,42.4957657
-70.9100972,42.4679692
-70.920567,42.5234074
-70.9275527,42.5270537
-71.0153225,42.4943566
-71.0147837,42.5003032
-70.9013057,42.4864433
-71.0066835,42.4184093
-71.02492,42.4679284
-70.9702034,42.4588968
-70.9057625,42.5181147
-70.898887,42.4685283
-70.4841381,41.62137
-70.9310505,42.520445
-70.9231985,42.5243973
-70.9949183,42.5248054
-70.9977749,42.4184769
-71.003617,42.514734
-71.0259599,42.4669861
-71.007901,42.416311
-70.9005818,42.504176
-70.891634,42.520371
-71.0098638,42.4242137
-70.9847267,42.4224558
-71.0061125,42.4656291
-70.9006885,42.4864206
-70.933181,42.529296
-70.890477,42.505404
-70.8962768,42.5213111
-71.023658,42.4307398
-70.8937404,42.5192921
-70.8937211,42.521838
-70.8955716,42.522002
-71.0244961,42.4791304
-70.9462608,42.5171517
-70.9955075,42.4079904
-70.926899,42.52733
-70.8959797,42.520927
-70.9549801,42.465952
-70.9304605,42.5229306
-71.4058085,42.2789702
-71.4283943,42.2758255
-71.4319142,42.3005085
-71.4056627,42.2988897
-71.3990766,42.3244075
-71.4064234,42.2981221
-71.4170897,42.2754338
-71.394985,42.298195
-71.4026219,42.3048236
-71.3962282,42.3007455
-71.4170466,42.2790034
-71.4181905,42.2802934
-71.3996797,42.2802198
-71.4178251,42.2766298
-71.3849631,42.3075681
-71.4175709,42.2751566
-71.4170219,42.2782776
-71.3965892,42.3047729
-71.4002711,42.3021302
-71.4102278,42.277945
-71.4091872,42.2989928
-71.4319142,42.3005085
-71.4040722,42.3261939
-71.4078861,42.3002656
-71.4009194,42.2998665
-71.4333062,42.2733466
-71.3852655,42.3075494
-71.4358119,42.2743027
-71.4250549,42.2736199
-71.4033402,42.3020023
-71.4436353,42.2988018
-71.4051865,42.2981032
-71.4355257,42.3295743
-71.3828641,42.3082741
-71.3969732,42.2975024
-71.3995539,42.2982763
-71.4486917,42.2987285
-71.4285009,42.2989009
-71.435371,42.3276179
-71.4319142,42.3005085
-71.4121471,42.2983669
-71.4016288,42.3016661
-71.4172214,42.2756124
-71.4262727,42.2734361
-71.407431,42.2991019
-71.4803153,42.2966349
-71.416507,42.2760782
-71.3982098,42.2991327
-71.42667,42.2731459
-71.4163889,42.2765676
-71.4319142,42.3005085
-71.408681,42.299978
-71.416507,42.2760782
-71.4353167,42.3271135
-71.4364289,42.3010936
-71.3947791,42.2987064
-71.4353167,42.3271135
-71.4167296,42.2762164
-71.4278131,42.2928991
-71.3995175,42.3254432
-71.4038309,42.2984503
-71.4126771,42.284141
-71.4721156,42.297131
-71.4033268,42.3282363
-71.3843794,42.3019258
-71.4260899,42.2981918
-71.3847106,42.2978573
-71.4494179,42.2986082
-71.4227,42.2751815
-71.4792005,42.2979251
-71.4010508,42.2804675
-71.4080669,42.3003586
-71.4171484,42.2757383
-71.416242,42.2768334
-71.3837412,42.3095251
-71.3819116,42.2981664
-71.3951699,42.321119
-71.415833,42.2803653
-71.4145483,42.2770861
-71.3840805,42.2980576
-71.4058085,42.2789702
-71.392457,42.2980457
-71.3608155,42.303467
-71.4011028,42.3060049
-71.3772268,42.2923218
-71.4009119,42.3028616
-71.4346039,42.3288692
-71.3611266,42.3035199
-71.3908904,42.303146
-71.4404264,42.2995504
-71.4064234,42.2981221
-71.3990766,42.3244075
-71.4080669,42.3003586
-71.4276301,42.2554063
-71.4645946,42.2597578
-71.4131759,42.2782437
-71.408681,42.299978
-71.424873,42.2583309
-71.4677259,42.2555496
-71.3775834,42.3026031
-71.36691,42.330485
-71.4283943,42.2758255
-71.3893941,42.2997724
-71.4023019,42.3272656
-71.435371,42.3276179
-71.3620547,42.3000676
-71.3823643,42.303608
-71.3444314,42.2857583
-71.4210026,42.2985466
-71.3888751,42.2980649
-71.4289916,42.271913
-71.3608155,42.303467
-71.38555,42.2979952
-71.3403357,42.3023883
-71.4393103,42.3602311
-71.3637261,42.3210053
-71.3830309,42.2826216
-71.4034443,42.2797919
-71.4166078,42.3618354
-71.4283716,42.2558864
-71.3476105,42.2841385
-71.3843794,42.3019258
-71.4051136,42.3284403
-71.42667,42.2731459
-71.4482666,42.3606074
-71.4627951,42.2603154
-71.4998113,42.2954284
-71.3597506,42.313296
-71.4671818,42.2548335
-71.3843794,42.3019258
-71.3422585,42.2851026
-71.4196554,42.2783125
-71.4536835,42.3240042
-71.384198,42.3014462
-71.4677259,42.2555496
-71.3489326,42.2853238
-71.3932289,42.3629565
-71.4163652,42.2794332
-71.401345,42.327232
-71.4885354,42.3509057
-71.4889834,42.2913876
-71.3343534,42.2879644
-71.4056627,42.2988897
-71.3990766,42.3244075
-71.3694505,42.2474293
-71.4320586,42.2423568
-71.4163049,42.3618431
-71.3552288,42.3226597
-71.4664077,42.2615232
-71.4655627,42.2550506
-71.3544245,42.322898
-71.4641961,42.2607788
-71.4344918,42.2752397
-71.346109,42.285064
-71.4692233,42.357468
-71.3459414,42.2852505
-71.454636,42.2582996
-71.3521788,42.3016042
-71.477575,42.308806
-71.3393408,42.2850989
-71.4393103,42.3602311
-71.3843794,42.3019258
-71.4184729,42.3614247
-71.3597506,42.313296
-71.5201988,42.2919232
-71.4677259,42.2555496
-71.3618848,42.3630738
-71.4884892,42.3509491
-71.3465511,42.2849743
-71.3944134,42.3634139
-71.3692286,42.2466018
-71.4550912,42.2582171
-71.3685873,42.3642
-71.5235341,42.3059878
-71.3843794,42.3019258
-71.369326,42.2403697
-71.4945548,42.2967688
-71.3694505,42.2474293
-71.4304838,42.3592613
-71.426503,42.25766
-71.3611266,42.3035199
-71.3843794,42.3019258
-71.5073571,42.3478796
-71.4917051,42.2946126
-71.3802119,42.2829334
-71.4482666,42.3606074
-71.503347,42.300813
-71.3329836,42.2883745
-71.4166078,42.3618354
-71.3403942,42.2847333
-71.364833,42.3206659
-71.3843794,42.3019258
-71.3843794,42.3019258
-71.3610129,42.3020282
-71.3843794,42.3019258
-71.4210802,42.3609373
-71.3802119,42.2829334
-71.4839755,42.2423141
-71.4353167,42.3271135
-71.421482,42.3608621
-71.3442336,42.3600718
-71.3653582,42.3631267
-71.3475089,42.2848083
-71.3690652,42.2400544
-71.3475069,42.283478
-71.4797336,42.2977854
-71.5103158,42.3479087
-71.3699384,42.3629099
-71.4636197,42.2595536
-71.4678698,42.2543615
-71.3832309,42.2974354
-71.3343003,42.3606049
-71.422563,42.361888
-71.3556726,42.3010451
-71.506193,42.2670699
-71.3843794,42.3019258
-71.3833991,42.3060782
-71.3403942,42.2847333
-71.4996986,42.3493833
-71.5226635,42.3498683
-71.5005838,42.3501863
-71.5007189,42.2367368
-71.3947791,42.2987064
-71.3403942,42.2847333
-71.3843794,42.3019258
-71.5177798,42.349013
-71.4934156,42.3510146
-71.439477,42.247189
-71.4282857,42.255971
-71.3830309,42.2826216
-71.3403357,42.3023883
-71.3465511,42.2849743
-71.5075989,42.3482323
-71.39174,42.3388739
-71.3664914,42.3635189
-71.518089,42.268386
-71.5212837,42.2284089
-71.4661485,42.2607461
-72.5794662,42.1469374
-72.5683167,42.1822392
-72.599731,42.17417
-72.5761595,42.1772404
-72.5438843,42.1657544
-72.5756528,42.1728748
-72.5718358,42.2120212
-72.6030354,42.1901607
-72.5649666,42.1476363
-72.5950219,42.1692859
-72.6132277,42.1831098
-72.5988083,42.1920472
-72.6030354,42.1901607
-72.5348732,42.1743958
-72.6094173,42.1457638
-72.5830781,42.1586647
-72.6141418,42.1826303
-72.5426864,42.1686959
-72.5341894,42.1739353
-72.6135439,42.1624329
-72.6131018,42.1325813
-72.5703308,42.1820549
-72.6094986,42.1470364
-72.6126942,42.145686
-72.5738602,42.1742397
-72.5899208,42.1715839
-72.5806038,42.154463
-72.5713186,42.2117351
-72.6239412,42.1711485
-72.6018075,42.1914088
-72.5871294,42.1735355
-72.6012038,42.1367936
-72.5786064,42.180639
-72.6083936,42.1867718
-72.6107599,42.1831637
-72.5989654,42.1740079
-72.5743208,42.1968933
-72.5804912,42.1546302
-72.5711857,42.208551
-72.615006,42.1823045
-72.5382293,42.1985692
-72.5684299,42.1824767
-72.6029146,42.148158
-72.6030354,42.1901607
-72.5785364,42.1798739
-72.601335,42.1366383
-72.5836167,42.1584693
-72.6097112,42.1478657
-72.6044445,42.1977948
-72.6120701,42.1569124
-72.6094986,42.1470364
-72.5943038,42.1893977
-72.5730787,42.2155739
-72.6109659,42.1469555
-72.6295675,42.1935472
-72.622654,42.2130129
-72.607161,42.200262
-72.6109659,42.1469555
-72.6088059,42.1471361
-72.6138192,42.162013
-72.5910309,42.1482863
-72.6501456,42.1872727
-72.6145186,42.2849397
-72.5826707,42.158496
-72.6418445,42.1737537
-72.629041,42.137735
-72.5967999,42.2095467
-72.621128,42.1967267
-72.573,42.2150052
-72.5966705,42.2079936
-72.6066398,42.2080507
-72.6307708,42.1853964
-72.603658,42.2071095
-72.6239412,42.1711485
-72.6302947,42.2101282
-72.5953177,42.148729
-72.5350669,42.1742986
-72.6421686,42.1770876
-72.5756528,42.1728748
-72.6238595,42.1695924
-72.6254234,42.1299711
-72.6275215,42.1332751
-72.6223552,42.2131056
-72.5804912,42.1546302
-72.6153242,42.1815764
-72.5863976,42.2304571
-72.6412929,42.2174699
-72.5461198,42.1667598
-72.6067336,42.200642
-72.6276111,42.1946589
-72.5014036,42.1596176
-72.6103055,42.2039842
-72.6499354,42.1868016
-72.6237616,42.1339772
-72.5828166,42.2365926
-72.5713186,42.2117351
-72.5921614,42.2180964
-72.5429672,42.1690596
-72.6237415,42.1076276
-72.5761595,42.1772404
-72.6226341,42.1288586
-72.6120724,42.2022475
-72.5920828,42.2164822
-72.6305518,42.1993963
-72.5821061,42.1373564
-72.6110953,42.2055827
-72.6250441,42.1353447
-72.6411662,42.1906863
-72.4902348,42.1564459
-72.6124881,42.1961495
-72.6520918,42.2375535
-72.6512147,42.1863855
-72.6520767,42.2367152
-72.528739,42.1290821
-72.4851193,42.1554983
-72.6070735,42.2076385
-72.5574744,42.1413992
-72.5832912,42.139285
-72.5930051,42.2163587
-72.5812168,42.1400141
-72.5042316,42.1599382
-72.6223462,42.105631
-72.6067704,42.2079602
-72.5030534,42.1593504
-93.26239,37.1821955
-72.5685056,42.1360894
-72.5947491,42.2151922
-72.6311611,42.2047581
-72.627536,42.106253
-72.600804,42.1268277
-72.6293921,42.1052335
-72.6103055,42.2039842
-72.556954,42.141731
-72.5861621,42.135294
-72.556954,42.141731
-72.5832912,42.139285
-72.6470983,42.1074365
-72.6404601,42.1044013
-72.6447507,42.1698671
-72.5574744,42.1413992
-72.4948071,42.158638
-72.5722564,42.1076234
-72.5060624,42.1598954
-72.5888809,42.1221623
-72.4888925,42.1682405
-72.4791851,42.171251
-72.4989956,42.1402079
-72.6245185,42.1066694
-72.4824044,42.1654274
-72.5020661,42.1595654
-71.0971794,42.3705365
-71.1136215,42.3627011
-71.1199758,42.3825138
-71.100171,42.3737841
-71.1215308,42.3735346
-71.0953956,42.3731693
-71.1185997,42.3872745
-71.1193347,42.3731162
-71.0972299,42.3734232
-71.1116233,42.3630396
-71.0938888,42.3726589
-71.1158408,42.3721762
-71.1132019,42.3647328
-71.0914477,42.3727297
-71.0908513,42.3726108
-71.1211423,42.3718795
-71.1166844,42.3714152
-71.1221047,42.374309
-71.085639,42.3719531
-71.1310062,42.3983297
-71.1041954,42.3645362
-71.1178963,42.3729277
-71.1087023,42.3640479
-71.1088202,42.3682977
-71.0968314,42.3729608
-71.1108654,42.369467
-71.0971361,42.3634434
-71.120503,42.3717434
-71.0978406,42.3683375
-71.1008065,42.3738825
-71.1004252,42.3741745
-71.1225476,42.3908947
-71.0925821,42.3633824
-71.1029549,42.3641529
-71.1384718,42.3814315
-71.1194651,42.3887029
-71.1194052,42.3820959
-71.1003335,42.373101
-71.1199968,42.3824567
-71.0846479,42.3714589
-71.120029,42.3745195
-71.1046545,42.3740668
-71.1133979,42.3707266
-71.1053705,42.3666438
-71.0986008,42.3635285
-71.1017365,42.3637641
-71.1023573,42.3648736
-71.0781966,42.3664466
-71.0968103,42.3637776
-71.1076913,42.3640842
-71.1197329,42.3726501
-71.1049229,42.3664655
-71.1035024,42.3658575
-71.1250659,42.373943
-71.1018689,42.363968
-71.0955752,42.3662727
-71.1204706,42.3732865
-71.1044283,42.3628524
-71.1266569,42.3945425
-71.0948319,42.3732019
-71.119641,42.389035
-71.0969415,42.3730595
-71.1185997,42.3872745
-71.0902606,42.3669937
-71.0885606,42.3633627
-71.0981457,42.3735771
-71.0775519,42.3664311
-71.0885606,42.3633627
-71.0863727,42.3716756
-71.1208939,42.3721186
-71.0902606,42.3669937
-71.1019317,42.3643166
-71.1323499,42.3886147
-71.0767793,42.3695587
-71.1337406,42.3835165
-71.107791,42.3573757
-71.116062,42.3722041
-71.1200019,42.3824009
-71.0835503,42.3715105
-71.1503304,42.3748961
-71.0950937,42.3687681
-71.1196837,42.3851983
-71.0782344,42.3663291
-71.0819609,42.36464
-71.0985551,42.3625781
-71.1268779,42.3947999
-71.1009532,42.3690639
-71.1185997,42.3872745
-71.1107388,42.3729777
-71.137871,42.381153
-71.0818883,42.3644789
-71.1200255,42.3897425
-71.1003192,42.3633977
-71.1214233,42.3742077
-71.1310624,42.3822049
-71.1013128,42.3609402
-71.0799722,42.3710579
-71.0833724,42.3712873
-71.0832908,42.3636617
-71.0876291,42.3718535
-71.1208577,42.3724701
-71.080991,42.3675265
-71.1295479,42.3963662
-71.1011255,42.3641996
-71.1214996,42.372028
-71.1163208,42.3725206
-71.0921027,42.3663194
-71.1420823,42.3881186
-71.1299583,42.3968057
-71.1435393,42.3892231
-71.1203405,42.3742076
-71.0872863,42.363545
-71.1200508,42.3890581
-71.0793074,42.3685198
-71.1205932,42.3739749
-71.0818706,42.3645524
-71.1191587,42.374201
-71.0914707,42.3634369
-71.10144,42.3637732
-71.1214853,42.3723952
-71.1198316,42.3725821
-71.1164569,42.3713537
-71.1343481,42.3837032
-71.1297998,42.3967207
-71.1208398,42.3724617
-71.1208939,42.3721186
-71.1202042,42.3721507
-71.1201221,42.3818623
-71.0827681,42.3631063
-71.1111332,42.3696916
-71.1133979,42.3707266
-71.1214503,42.3725084
-71.1212846,42.3723312
1,1
1,1
1,1
1,1
1,1
1,1
1,1
1,1
1,1
1,1
1,1
1,1
1,1
1,1
1,1
1,1
1,1
1,1
1,1
1,1
1,1
1,1
1,1
1,1
1,1
1,1
1,1
1,1
1,1
1,1
1,1
1,1
1,1
1,1
1,1
1,1
1,1
1,1
1,1
1,1
1,1
1,1
1,1
1,1
1,1
1,1
1,1
1,1
1,1
1,1
1,1
1,1
1,1
1,1
1,1
1,1
1,1
1,1
1,1
1,1
1,1
1,1
1,1
1,1
1,1
1,1
1,1
1,1
1,1
1,1
1,1
1,1
1,1
1,1
1,1
1,1
1,1
1,1
1,1
1,1
1,1
1,1
1,1
1,1
1,1
1,1
1,1
1,1
1,1
1,1
1,1
1,1
1,1
1,1
1,1
1,1
1,1
1,1
1,1
1,1
1,1
1,1
1,1
1,1
1,1
1,1
1,1
1,1
1,1
1,1
1,1
1,1
1,1
1,1
1,1
1,1
1,1
1,1
1,1
1,1
1,1
1,1
1,1
1,1
1,1
1,1
1,1
1,1
1,1
1,1
1,1
1,1
1,1
1,1
1,1
1,1
1,1
1,1
1,1
1,1
1,1
1,1
1,1
1,1
1,1
1,1
1,1
1,1
1,1
1,1
1,1
1,1
1,1
1,1
1,1
1,1
1,1
1,1
1,1
1,1
1,1
1,1
1,1
1,1
1,1
1,1
1,1
1,1
1,1
1,1
1,1
1,1
1,1
1,1
1,1
1,1
1,1
1,1
1,1
1,1
1,1
1,1
1,1
1,1
1,1
1,1
1,1
1,1
1,1
1,1
1,1
1,1
1,1
1,1
1,1
1,1
1,1
1,1
1,1
1,1
1,1
1,1
1,1
1,1
1,1
1,1
1,1
1,1
1,1
1,1
1,1
1,1
1,1
1,1
1,1
1,1
1,1
1,1
1,1
1,1
1,1
1,1
1,1
1,1
1,1
1,1
1,1
1,1
1,1
1,1
1,1
1,1
1,1
1,1
1,1
1,1
1,1
1,1
1,1
1,1
1,1
1,1
1,1
1,1
1,1
1,1
1,1
1,1
1,1
1,1
1,1
1,1
1,1
1,1
1,1
1,1
1,1
1,1
1,1
1,1
1,1
1,1
1,1
1,1
1,1
1,1
1,1
1,1
1,1
1,1
1,1
1,1
1,1
1,1
1,1
1,1
1,1
1,1
1,1
1,1
1,1
1,1
1,1
1,1
1,1
1,1
1,1
1,1
1,1
1,1
1,1
1,1
1,1
1,1
1,1
1,1
1,1
1,1
1,1
1,1
1,1
1,1
1,1
1,1
1,1
1,1
1,1
1,1
1,1
1,1
1,1
1,1
1,1
1,1
1,1
1,1
1,1
1,1
1,1
1,1
1,1
1,1
1,1
1,1
1,1
1,1
1,1
1,1
1,1
1,1
1,1
1,1
1,1
1,1
1,1
1,1
1,1
1,1
1,1
1,1
1,1
1,1
1,1
1,1
1,1
1,1
1,1
1,1
1,1
1,1
1,1
1,1
1,1
1,1
1,1
1,1
1,1
1,1
1,1
1,1
1,1
1,1
1,1
1,1
1,1
1,1
1,1
1,1
1,1
1,1
1,1
1,1
1,1
1,1
1,1
1,1
1,1
1,1
1,1
1,1
1,1
1,1
1,1
1,1
1,1
1,1
1,1
1,1
1,1
1,1
1,1
1,1
1,1
1,1
1,1
1,1
1,1
1,1
1,1
1,1
1,1
1,1
1,1
1,1
1,1
1,1
1,1
1,1
1,1
1,1
1,1
1,1
1,1
1,1
1,1
1,1
1,1
1,1
1,1
1,1
1,1
1,1
1,1
1,1
1,1
1,1
1,1
1,1
1,1
1,1
1,1
1,1
1,1
1,1
1,1
1,1
1,1
1,1
1,1
1,1
1,1
1,1
1,1
1,1
1,1
1,1
1,1
1,1
1,1
1,1
1,1
1,1
1,1
1,1
1,1
1,1
1,1
1,1
1,1
1,1
1,1
1,1
1,1
1,1
1,1
1,1
1,1
1,1
1,1
1,1
1,1
1,1
1,1
1,1
1,1
1,1
1,1
1,1
1,1
1,1
1,1
1,1
1,1
1,1
1,1
1,1
1,1
1,1
1,1
1,1
1,1
1,1
1,1
1,1
1,1
1,1
1,1
1,1
1,1
1,1
1,1
1,1
1,1
1,1
1,1
1,1
1,1
1,1
1,1
1,1
1,1
1,1
1,1
1,1
1,1
1,1
1,1
1,1
1,1
1,1
1,1
1,1
1,1
1,1
1,1
1,1
1,1
1,1
1,1
1,1
1,1
1,1
1,1
1,1
1,1
1,1
1,1
1,1
1,1
1,1
1,1
1,1
1,1
1,1
1,1
1,1
1,1
1,1
1,1
1,1
1,1
1,1
1,1
1,1
1,1
1,1
1,1
1,1
1,1
1,1
1,1
1,1
1,1
1,1
1,1
1,1
1,1
1,1
1,1
1,1
1,1
1,1
1,1
1,1
1,1
1,1
1,1
1,1
1,1
1,1
1,1
1,1
1,1
1,1
1,1
1,1
1,1
1,1
1,1
1,1
1,1
1,1
1,1
1,1
1,1
1,1
1,1
1,1
1,1
1,1
1,1
1,1
1,1
1,1
1,1
1,1
1,1
1,1
1,1
1,1
1,1
1,1
1,1
1,1
1,1
1,1
1,1
1,1
1,1
1,1
1,1
1,1
1,1
1,1
1,1
1,1
1,1
1,1
1,1
1,1
1,1
1,1
1,1
1,1
1,1
1,1
1,1
1,1
1,1
1,1
1,1
1,1
1,1
1,1
1,1
1,1
1,1
1,1
1,1
1,1
1,1
1,1
1,1
1,1
1,1
1,1
1,1
1,1
1,1
1,1
1,1
1,1
1,1
1,1
1,1
1,1
1,1
1,1
1,1
1,1
1,1
1,1
1,1
1,1
1,1
1,1
1,1
1,1
1,1
1,1
1,1
1,1
1,1
1,1
1,1
1,1
1,1
1,1
1,1
1,1
1,1
1,1
1,1
1,1
1,1
1,1
1,1
1,1
1,1
1,1
1,1
1,1
1,1
1,1
1,1
1,1
1,1
1,1
1,1
1,1
1,1
1,1
1,1
1,1
1,1
1,1
1,1
1,1
1,1
1,1
1,1
1,1
1,1
1,1
1,1
1,1
1,1
1,1
1,1
1,1
1,1
1,1
1,1
1,1
1,1
1,1
1,1
1,1
1,1
1,1
1,1
1,1
1,1
1,1
1,1
1,1
1,1
1,1
1,1
1,1
1,1
1,1
1,1
1,1
1,1
1,1
1,1
1,1
1,1
1,1
1,1
1,1
1,1
1,1
1,1
1,1
1,1
1,1
1,1
1,1
1,1
1,1
1,1
1,1
1,1
1,1
1,1
1,1
1,1
1,1
1,1
1,1
1,1
1,1
1,1
1,1
1,1
1,1
1,1
1,1
1,1
1,1
1,1
1,1
1,1
1,1
1,1
1,1
1,1
1,1
1,1
1,1
1,1
1,1
1,1
1,1
1,1
1,1
1,1
1,1
1,1
1,1
1,1
1,1
1,1
1,1
1,1
1,1
1,1
1,1
1,1
1,1
1,1
1,1
1,1
1,1
1,1
1,1
1,1
1,1
1,1
1,1
1,1
1,1
1,1
1,1
1,1
1,1
1,1
1,1
1,1
1,1
1,1
1,1
1,1
1,1
1,1
1,1
1,1
1,1
1,1
1,1
1,1
1,1
1,1
1,1
1,1
1,1
1,1
1,1
1,1
1,1
1,1
1,1
1,1
1,1
1,1
1,1
1,1
1,1
1,1
1,1
1,1
1,1
1,1
1,1
1,1
1,1
1,1
1,1
1,1
1,1
1,1
1,1
1,1
1,1
1,1
1,1
1,1
1,1
1,1
1,1
1,1
1,1
1,1
1,1
1,1
1,1
1,1
1,1
1,1
1,1
1,1
1,1
1,1
1,1
1,1
1,1
1,1
1,1
1,1
1,1
1,1
1,1
1,1
1,1
1,1
1,1
1,1
1,1
1,1
1,1
1,1
1,1
1,1
1,1
1,1
1,1
1,1
1,1
1,1
1,1
1,1
1,1
1,1
1,1
1,1
1,1
1,1
1,1
1,1
1,1
1,1
1,1
1,1
1,1
1,1
1,1
1,1
1,1
1,1
1,1
1,1
1,1
1,1
1,1
1,1
1,1
1,1
1,1
1,1
1,1
1,1
1,1
1,1
1,1
1,1
1,1
1,1
1,1
1,1
1,1
1,1
1,1
1,1
1,1
1,1
1,1
1,1
1,1
1,1
1,1
1,1
1,1
1,1
1,1
1,1
1,1
1,1
1,1
1,1
1,1
1,1
1,1
1,1
1,1
1,1
1,1
1,1
1,1
1,1
1,1
1,1
1,1
1,1
1,1
1,1
1,1
1,1
1,1
1,1
1,1
1,1
1,1
1,1
1,1
1,1
1,1
1,1
1,1
1,1
1,1
1,1
1,1
1,1
1,1
1,1
1,1
1,1
1,1
1,1
1,1
1,1
1,1
1,1
1,1
1,1
1,1
1,1
1,1
1,1
1,1
1,1
1,1
1,1
1,1
1,1
1,1
1,1
1,1
1,1
1,1
1,1
1,1
1,1
1,1
1,1
1,1
1,1
1,1
1,1
1,1
1,1
1,1
1,1
1,1
1,1
1,1
1,1
1,1
1,1
1,1
1,1
1,1
1,1
1,1
1,1
1,1
1,1
1,1
1,1
1,1
1,1
1,1
1,1
1,1
1,1
1,1
1,1
1,1
1,1
1,1
1,1
1,1
1,1
1,1
1,1
1,1
1,1
1,1
1,1
1,1
1,1
1,1
1,1
1,1
1,1
1,1
1,1
1,1
1,1
1,1
1,1
1,1
1,1
1,1
1,1
1,1
1,1
1,1
1,1
1,1
1,1
1,1
1,1
1,1
1,1
1,1
1,1
1,1
1,1
1,1
1,1
1,1
1,1
1,1
1,1
1,1
1,1
1,1
1,1
1,1
1,1
1,1
1,1
1,1
1,1
1,1
1,1
1,1
1,1
1,1
1,1
1,1
1,1
1,1
1,1
1,1
1,1
1,1
1,1
1,1
1,1
1,1
1,1
1,1
1,1
1,1
1,1
1,1
1,1
1,1
1,1
1,1
1,1
1,1
1,1
1,1
1,1
1,1
1,1
1,1
1,1
1,1
1,1
1,1
1,1
1,1
1,1
1,1
1,1
1,1
1,1
1,1
1,1
1,1
1,1
1,1
1,1
1,1